Workbook

Sheet Test Plan
A1: Manual Test Plan — SauceDemo E-Commerce
A3: Application Under Test | B3: SauceDemo (https://www.saucedemo.com)
A4: Project Type | B4: Manual functional testing
A5: Prepared Date | B5: 2026-07-14
A6: Test Environment | B6: Staging / Public demo site — Chrome (latest), Firefox (latest)
A8: SCOPE
A9: In Scope | B9: End-to-end functional flow: Login -> Product Browsing/Sort & Filter -> Add to Cart -> Checkout -> Order Confirmation.
A10: Out of Scope | B10: Performance/load testing, security/penetration testing, cross-browser automation, API testing, accessibility audit.
A11: Note on 'Product Search' | B11: SauceDemo has no keyword search bar. Product discovery is via a Sort dropdown (Name A-Z/Z-A, Price low-high/high-low) on the inventory page. Test cases below cover sorting and product-catalog verification as the equivalent of 'search' for this app.
A13: TEST OBJECTIVES
A14: Objective 1 | B14: Verify all valid/invalid login scenarios and special test users behave as documented.
A15: Objective 2 | B15: Verify inventory listing, sorting, and product detail accuracy.
A16: Objective 3 | B16: Verify items can be added/removed from cart and cart state persists correctly.
A17: Objective 4 | B17: Verify the full checkout flow, field validation, and order completion.
A19: TEST DATA — LOGIN USERS
A20: standard_user | B20: Password: secret_sauce — normal, fully-functional user.
A21: locked_out_user | B21: Password: secret_sauce — login blocked with an error message.
A22: problem_user | B22: Password: secret_sauce — UI/image glitches expected (e.g., wrong product images).
A23: performance_glitch_user | B23: Password: secret_sauce — valid login but with an intentional delay.
A24: error_user | B24: Password: secret_sauce — may throw errors during checkout steps.
A25: visual_user | B25: Password: secret_sauce — valid login, used for visual/layout regression checks.
A27: ENTRY CRITERIA | B27: Application URL is reachable; test environment stable; test data/users confirmed above.
A28: EXIT CRITERIA | B28: All High priority test cases executed with no open High severity defects; test summary signed off.
A30: HOW TO USE THIS WORKBOOK
A31: Step 1 | B31: Open each module tab (Login, Product Sort & Filter, Add to Cart, Checkout).
A32: Step 2 | B32: Execute each test case manually against https://www.saucedemo.com
A33: Step 3 | B33: Fill in 'Actual Result' and select a 'Status' (Pass/Fail/Blocked/Not Run) from the dropdown.
A34: Step 4 | B34: Log any defect reference in 'Notes/Defect ID'.
A35: Step 5 | B35: Check the 'Test Summary' tab for auto-calculated pass/fail counts.

Sheet Login
A1: SauceDemo – Login Test Cases
A2: Covers valid/invalid credential combinations and SauceDemo's special test users. Base URL: https://www.saucedemo.com
A3: Test Case ID | B3: Title | C3: Preconditions | D3: Test Steps | E3: Test Data | F3: Expected Result | G3: Priority | H3: Type | I3: Actual Result | J3: Status | K3: Notes/Defect ID
A4: LOG-01 | B4: Successful login with standard_user | C4: Browser open at https://www.saucedemo.com | D4: 1. Enter username 2. Enter password 3. Click Login button | E4: Username: standard_user Password: secret_sauce | F4: User is redirected to /inventory.html and the product listing (Swag Labs) is displayed. | G4: High | H4: Positive | I4: User successfully redirected to /inventory.html and the product listing (Swag Labs) is displayed. | J4: Pass
A5: LOG-02 | B5: Login blocked for locked_out_user | C5: Browser open at login page | D5: 1. Enter username 2. Enter password 3. Click Login button | E5: Username: locked_out_user Password: secret_sauce | F5: Login blocked with error message. | G5: High | H5: Negative | I5: Login was blocked with the error message. | J5: Pass
A6: LOG-03 | B6: Login with invalid password | C6: Browser open at login page | D6: 1. Enter valid username 2. Enter incorrect password 3. Click Login button | E6: Username: standard_user Password: wrong_pass | F6: Login is rejected with error: 'Epic sadface: Username and password do not match any user in this service.' | G6: High | H6: Negative | I6: Login reject and displaying error: 'Epic sadface: Username and password do not match any user in this service.' | J6: Pass
A7: LOG-04 | B7: Login with invalid username | C7: Browser open at login page | D7: 1. Enter incorrect username 2. Enter valid password 3. Click Login button | E7: Username: invalid_user Password: secret_sauce | F7: Login is rejected with error: 'Epic sadface: Username and password do not match any user in this service.' | G7: Medium | H7: Negative | I7: Login reject and displaying error: 'Epic sadface: Username and password do not match any user in this service.' | J7: Pass
A8: LOG-05 | B8: Login with empty username field | C8: Browser open at login page | D8: 1. Leave username blank 2. Enter password 3. Click Login button | E8: Username: (blank) Password: secret_sauce | F8: Error message displayed: 'Epic sadface: Username is required.' | G8: Medium | H8: Negative | I8: Login reject and displaying error message : 'Epic sadface: Username is required.' | J8: Pass
A9: LOG-06 | B9: Login with empty password field | C9: Browser open at login page | D9: 1. Enter username 2. Leave password blank 3. Click Login button | E9: Username: standard_user Password: (blank) | F9: Error message displayed: 'Epic sadface: Password is required.' | G9: Medium | H9: Negative | I9: Error message : 'Epic sadface: Password is required.' | J9: Pass
A10: LOG-07 | B10: Login with both fields empty | C10: Browser open at login page | D10: 1. Leave username blank 2. Leave password blank 3. Click Login button | E10: Username: (blank) Password: (blank) | F10: Error message displayed: 'Epic sadface: Username is required.' | G10: Low | H10: Negative | I10: Error message displaying: 'Epic sadface: Username is required.' | J10: Pass
A11: LOG-08 | B11: Login with problem_user | C11: Browser open at login page | D11: 1. Enter username 2. Enter password 3. Click Login button 4. Observe product images | E11: Username: problem_user Password: secret_sauce | F11: Login succeeds but product images are broken/mismatched (known UI defect user) — logged for visual QA, not a login failure. | G11: Low | H11: Positive | I11: Successful login and product images are broken/mismatched (known UI defect user) — logged for visual QA, not a login failure. | J11: Pass
A12: LOG-09 | B12: Login with performance_glitch_user | C12: Browser open at login page | D12: 1. Enter username 2. Enter password 3. Click Login button 4. Note load time | E12: Username: performance_glitch_user Password: secret_sauce | F12: Login succeeds after a noticeable delay; inventory page eventually loads correctly. | G12: Low | H12: Positive | I12: Successful login after a noticeable delay; inventory page eventually loads correctly. | J12: Pass
A13: LOG-10 | B13: Logout functionality | C13: User is logged in as standard_user | D13: 1. Click the hamburger menu (top-left) 2. Click 'Logout' | E13: N/A | F13: User is logged out and redirected back to the login page. | G13: Medium | H13: Positive | I13: Successfully logged out and redirect back to the login page. | J13: Pass
A14: LOG-11 | B14: Session/URL guard — direct inventory access without login | C14: User is logged out | D14: 1. Without logging in, navigate directly to https://www.saucedemo.com/inventory.html | E14: N/A | F14: User is redirected/blocked with error: 'Epic sadface: You can only access '/inventory.html' when you are logged in.' | G14: Medium | H14: Negative | I14: User is redirected/blocked with error: 'Epic sadface: You can only access '/inventory.html' when you are logged in | J14: Pass

Sheet Product Sort & Filter
A1: SauceDemo – Product Sort & Filter Test Cases
A2: SauceDemo has no keyword search bar. Product discovery/filtering is via the sort dropdown on the inventory page (/inventory.html). These cases validate catalog display and sorting.
A3: Test Cas+A3:I5e ID+A3:F4B4A3:G4A3:I4B4A3:G4 | B3: Title | C3: Preconditions | D3: Test Steps | E3: Test Data | F3: Expected Result | G3: Priority | H3: Type | I3: Actual Result | J3: Status | K3: Notes/Defect ID
A4: PRD-01 | B4: Verify full product catalog is displayed | C4: Logged in as standard_user, on Inventory page | D4: 1. Observe the inventory page after login | E4: N/A | F4: All 6 Products are displayed: Sauce Labs Backpack, Bike Light, Bolt T-Shirt, Fleece Jacket, Onesie, Test.allTheThings() T-Shirt (Red) — each with image, name, description, and price. | G4: High | H4: Positive | I4: All 6products are displaying with image name description | J4: Pass
A5: PRD-02 | B5: Sort products by Name (A to Z) | C5: On Inventory page | D5: 1. Click the sort dropdown 2. Select 'Name (A to Z)' | E5: Sort option: Name (A to Z) | F5: Products re-order alphabetically ascending by name (Backpack first, Test.allTheThings() T-Shirt last). | G5: Medium | H5: Positive | I5: All products are sorting by name (Ato Z) | J5: Pass
A6: PRD-03 | B6: Sort products by Name (Z to A) | C6: On Inventory page | D6: 1. Click the sort dropdown 2. Select 'Name (Z to A)' | E6: Sort option: Name (Z to A) | F6: Products re-order alphabetically descending by name. | G6: Medium | H6: Positive | I6: All products are sorting by name (Z to A)) | J6: Pass
A7: PRD-04 | B7: Sort products by Price (low to high) | C7: On Inventory page | D7: 1. Click the sort dropdown 2. Select 'Price (low to high)' | E7: Sort option: Price (low to high) | F7: Products re-order from lowest to highest price ($7.99 ... $49.99). | G7: Medium | H7: Positive | I7: All products are re-orderning from lowest to high price | J7: Pass
A8: PRD-05 | B8: Sort products by Price (high to low) | C8: On Inventory page | D8: 1. Click the sort dropdown 2. Select 'Price (high to low)' | E8: Sort option: Price (high to low) | F8: Products re-order from highest to lowest price. | G8: Medium | H8: Positive | I8: All products are re‑ordering from highest to lowest price”. | J8: Pass
A9: PRD-06 | B9: View product detail page | C9: On Inventory page | D9: 1. Click a product name or image (e.g., Sauce Labs Backpack) | E9: Product: Sauce Labs Backpack | F9: User is navigated to the product detail page showing full description, price, and an 'Add to cart' button. | G9: Medium | H9: Positive | I9: User is redirect to the product detail page ,It displaying full description, price, and an 'Add to cart' button. | J9: Pass
A10: PRD-07 | B10: Navigate back from product detail to inventory | C10: On a product detail page | D10: 1. Click 'Back to products' button | E10: N/A | F10: User returns to the inventory page with the previous sort order/cart state preserved. | G10: Low | H10: Positive | I10: User Navigate back from product detail to inventory page | J10: Pass
A11: PRD-08 | B11: Product images render correctly for standard_user | C11: Logged in as standard_user | D11: 1. Visually inspect each of the 6 product images on the inventory page | E11: N/A | F11: Each product displays its own correct, unique image (no duplicates/mismatches). | G11: Low | H11: Positive | I11: All products are displaying with correct image(no duplicates/mismatch) | J11: Pass

Sheet Add to Cart
A1: SauceDemo – Add to Cart Test Cases
A2: Covers adding/removing single and multiple items, cart badge count, and cart page contents.
A3: Test Case ID | B3: Title | C3: Preconditions | D3: Test Steps | E3: Test Data | F3: Expected Result | G3: Priority | H3: Type | I3: Actual Result | J3: Status | K3: Notes/Defect ID
A4: CRT-01 | B4: Add a single product to cart from inventory page | C4: Logged in, on Inventory page | D4: 1. Click 'Add to cart' button on Sauce Labs Backpack | E4: Product: Sauce Labs Backpack | F4: Button label changes to 'Remove'; cart icon badge shows count '1'. | G4: High | H4: Positive | I4: Button label changing to 'Remove' and product adding in to cart and showing count'1'. | J4: Pass
A5: CRT-02 | B5: Add multiple different products to cart | C5: Logged in, on Inventory page | D5: 1. Click 'Add to cart' for 3 different products | E5: Products: Backpack, Bike Light, Onesie | F5: Cart badge shows count '3'; each button changes to 'Remove'. | G5: High | H5: Positive | I5: All selected product's button label changing to 'Remove',Cart badge displays count '3' | J5: Pass
A6: CRT-03 | B6: Remove a product from cart via inventory page | C6: One item already added to cart | D6: 1. Click 'Remove' button on the previously added product | E6: Product: Sauce Labs Backpack | F6: Button reverts to 'Add to cart'; cart badge count decreases by 1 (or disappears if cart is empty). | G6: Medium | H6: Positive | I6: Button label changing to 'Add to cart' and product remove from cart badge count decrease by '1'. | J6: Pass
A7: CRT-04 | B7: Add product to cart from product detail page | C7: Logged in, on a product detail page | D7: 1. Click 'Add to cart' on the detail page | E7: Product: Sauce Labs Bolt T-Shirt | F7: Cart badge count increases by 1; button changes to 'Remove' on the detail page. | G7: Medium | H7: Positive | I7: Cart badge updated to ‘1’; button label changed to ‘Remove’ on detail page. | J7: Pass
A8: CRT-05 | B8: View cart page contents | C8: 2+ items added to cart | D8: 1. Click the cart icon (top-right) | E8: N/A | F8: Cart page (/cart.html) lists all added items with correct name, price, and quantity (1 each). | G8: High | H8: Positive | I8: Cart page (/cart.html) displaying all added items with correct name, price, and quantity (1 each). | J8: Pass
A9: CRT-06 | B9: Remove item from within the cart page | C9: On Cart page with 2+ items | D9: 1. Click 'Remove' next to one item in the cart | E9: N/A | F9: Item is removed from the list immediately; cart badge count updates accordingly. | G9: Medium | H9: Positive | I9: Product is removed from the list immediately; cart badge count decrease accordingly. | J9: Pass
A10: CRT-07 | B10: Continue shopping from cart page | C10: On Cart page | D10: 1. Click 'Continue Shopping' button | E10: N/A | F10: User is returned to the inventory page; cart contents remain unchanged. | G10: Low | H10: Positive | I10: User is redirected to the inventory page; cart contents remains unchanged | J10: Pass
A11: CRT-08 | B11: Cart persists across sort changes | C11: 1+ item added to cart | D11: 1. Add item to cart 2. Change sort order on inventory page 3. Re-check cart badge | E11: N/A | F11: Cart badge count remains unchanged after sorting; added item still present in cart. | G11: Low | H11: Positive | I11: Cart badge count is same after sorting;added item still present in cart | J11: Pass
A12: CRT-09 | B12: Empty cart shows no items | C12: Logged in with no items added | D12: 1. Click cart icon without adding any product | E12: N/A | F12: Cart page displays with zero items listed and no badge count shown on the cart icon. | G12: Low | H12: Positive | I12: Cart page displays zero items; cart badge not shown | J12: Pass

Sheet Checkout
A1: SauceDemo – Checkout Test Cases
A2: Covers the 'Your Information' step, field validation, order overview, and order completion.
A3: Test Case ID | B3: Title | C3: Preconditions | D3: Test Steps | E3: Test Data | F3: Expected Result | G3: Priority | H3: Type | I3: Actual Result | J3: Status | K3: Notes/Defect ID
A4: CHK-01 | B4: Proceed to checkout from cart page | C4: 1+ items in cart, on Cart page | D4: 1. Click 'Checkout' button | E4: N/A | F4: User is navigated to Step One: 'Your Information' page (/checkout-step-one.html). | G4: High | H4: Positive | I4: User is redirected to Step One: 'Your Information' page (/checkout-step-one.html). | J4: Pass
A5: CHK-02 | B5: Complete checkout info with valid data | C5: On Checkout Step One page | D5: 1. Enter First Name 2. Enter Last Name 3. Enter Zip/Postal Code 4. Click Continue | E5: First Name: John Last Name: Doe Zip: 12345 | F5: User advances to Step Two: 'Checkout Overview' page (/checkout-step-two.html) listing cart items, item totals, tax, and total. | G5: High | H5: Positive | I5: User successfully advances to Step Two: 'Checkout Overview' page (/checkout-step-two.html). The page correctly displays all cart items, item totals, calculated tax, and the final total amount. | J5: Pass
A6: CHK-03 | B6: Checkout blocked with missing First Name | C6: On Checkout Step One page | D6: 1. Leave First Name blank 2. Enter Last Name 3. Enter Zip Code 4. Click Continue | E6: First Name: (blank) Last Name: Doe Zip: 12345 | F6: Error message displayed: 'Error: First Name is required.' User remains on Step One. | G6: High | H6: Negative | I6: Error message displayed: 'Error: First Name is required.' The user is blocked from proceeding and remains on the Step One page. | J6: Pass
A7: CHK-04 | B7: Checkout blocked with missing Last Name | C7: On Checkout Step One page | D7: 1. Enter First Name 2. Leave Last Name blank 3. Enter Zip Code 4. Click Continue | E7: First Name: John Last Name: (blank) Zip: 12345 | F7: Error message displayed: 'Error: Last Name is required.' User remains on Step One. | G7: High | H7: Negative | I7: Error message displayed: 'Error: Last Name is required.' The user is blocked from proceeding and remains on the Step One page. | J7: Pass
A8: CHK-05 | B8: Checkout blocked with missing Zip/Postal Code | C8: On Checkout Step One page | D8: 1. Enter First Name 2. Enter Last Name 3. Leave Zip Code blank 4. Click Continue | E8: First Name: John Last Name: Doe Zip: (blank) | F8: Error message displayed: 'Error: Postal Code is required.' User remains on Step One. | G8: High | H8: Negative | I8: Error displayed: 'Error: Postal Code is required.' User remains on Step One. | J8: Pass
A9: CHK-06 | B9: Cancel checkout from Step One | C9: On Checkout Step One page | D9: 1. Click 'Cancel' button | E9: N/A | F9: User is returned to the Cart page; cart items remain unchanged. | G9: Medium | H9: Positive | I9: User redirected to Cart page; all cart items remain unchanged. | J9: Pass
A10: CHK-07 | B10: Verify order overview totals (Step Two) | C10: On Checkout Overview page with known cart items | D10: 1. Review Item total, Tax, and Total lines | E10: e.g., Backpack ($29.99) + Bike Light ($9.99) | F10: Item total = sum of item prices; Tax is calculated correctly; Total = Item total + Tax, all displayed accurately. | G10: High | H10: Positive | I10: Calculations displayed accurately: Item total, tax, and final total are correct. | J10: Pass
A11: CHK-08 | B11: Cancel checkout from Step Two (Overview) | C11: On Checkout Overview page | D11: 1. Click 'Cancel' button | E11: N/A | F11: User is returned to the Inventory page; cart contents remain unchanged. | G11: Medium | H11: Positive | I11: User redirected to Inventory page; cart contents remain unchanged. | J11: Pass
A12: CHK-09 | B12: Complete order (Finish) | C12: On Checkout Overview page | D12: 1. Click 'Finish' button | E12: N/A | F12: Order completes; 'Checkout: Complete!' page is shown with message 'Thank you for your order!' and a confirmation icon. | G12: High | H12: Positive | I12: Order completed: 'Checkout: Complete!' page is displayed with 'Thank you for your order!' message and confirmation icon. | J12: Pass
A13: CHK-10 | B13: Cart is emptied after successful order | C13: Order just completed (Checkout: Complete! page shown) | D13: 1. Click 'Back Home' button 2. Check cart badge | E13: N/A | F13: User returns to Inventory page; cart badge no longer displays a count (cart is empty). | G13: Medium | H13: Positive | I13: User returned to Inventory page; cart badge is hidden and cart is empty. | J13: Pass
A14: CHK-11 | B14: Checkout with error_user triggers known checkout defect | C14: Logged in as error_user, 1+ item in cart | D14: 1. Proceed through checkout Steps One and Two 2. Click Finish | E14: User: error_user / secret_sauce | F14: Document actual behavior — error_user is known to sometimes fail at Finish; capture any unexpected error banner or broken state as a defect. | G14: Medium | H14: Negative | I14: By pressing Finish button nothing happened. | J14: Fail | K14: BUG‑CHK‑11: Finish button unresponsive for error_user
A15: CHK-12 | B15: Numeric-only / special character zip code handling | C15: On Checkout Step One page | D15: 1. Enter First Name 2. Enter Last Name 3. Enter Zip Code with letters/symbols e.g. 'AB-123' 4. Click Continue | E15: Zip: AB-123 | F15: Document actual behavior: field is free-text on SauceDemo, so it is expected to accept any non-empty value and proceed to Step Two. | G15: Low | H15: Negative | I15: Field accepts any non-empty value: As a free-text field, it correctly accepted the input and allowed the user to proceed to Step Two. | J15: Pass

Sheet Test Summary
A1: Test Execution Summary
A3: Module | B3: Total Cases | C3: Pass | D3: Fail | E3: Blocked | F3: Not Run
A4: Login | B4: 11 | C4: =COUNTIF(Login!J4:J14,"Pass") -> 11 | D4: =COUNTIF(Login!J4:J14,"Fail") -> 0 | E4: =COUNTIF(Login!J4:J14,"Blocked") -> 0 | F4: =COUNTIF(Login!J4:J14,"Not Run") -> 0
A5: Product Sort & Filter | B5: 8 | C5: =COUNTIF('Product Sort & Filter'!J4:J11,"Pass") -> 8 | D5: =COUNTIF('Product Sort & Filter'!J4:J11,"Fail") -> 0 | E5: =COUNTIF('Product Sort & Filter'!J4:J11,"Blocked") -> 0 | F5: =COUNTIF('Product Sort & Filter'!J4:J11,"Not Run") -> 0
A6: Add to Cart | B6: 9 | C6: =COUNTIF('Add to Cart'!J4:J12,"Pass") -> 9 | D6: =COUNTIF('Add to Cart'!J4:J12,"Fail") -> 0 | E6: =COUNTIF('Add to Cart'!J4:J12,"Blocked") -> 0 | F6: =COUNTIF('Add to Cart'!J4:J12,"Not Run") -> 0
A7: Checkout | B7: 12 | C7: =COUNTIF(Checkout!J4:J15,"Pass") -> 11 | D7: =COUNTIF(Checkout!J4:J15,"Fail") -> 1 | E7: =COUNTIF(Checkout!J4:J15,"Blocked") -> 0 | F7: =COUNTIF(Checkout!J4:J15,"Not Run") -> 0
A8: TOTAL | B8: =SUM(B4:B7) -> 40 | C8: =SUM(C4:C7) -> 39 | D8: =SUM(D4:D7) -> 1 | E8: =SUM(E4:E7) -> 0 | F8: =SUM(F4:F7) -> 0

Sheet Bug Report
A1: SauceDemo – Bug Report
A2: Tracks defects identified during manual test execution, linked to their originating test case.
A3: Bug ID | B3: Title | C3: Related Test Case ID | D3: Module | E3: Site/Environment | F3: Severity | G3: Priority | H3: Steps to Reproduce | I3: Expected Result | J3: Actual Result | K3: Status | L3: Date Reported | M3: Reported By | N3: Notes
A4: BUG-CHK-11 | B4: Finish button unresponsive for error_user during checkout | C4: CHK-11 | D4: Checkout | E4: saucedemo.com | F4: Medium | G4: Medium | H4: 1. Log in as error_user / secret_sauce 2. Add 1+ item to cart 3. Proceed through Checkout Steps One and Two 4. Click Finish button | I4: Order completes; 'Checkout: Complete!' page is shown with 'Thank you for your order!' message and confirmation icon. | J4: Clicking Finish button produced no response — no page transition, no error banner, and no order confirmation. | K4: Open | L4: 46217 | M4: QA Team | N4: Reproducible with error_user; other users complete checkout normally. See test case CHK-11 in 'Checkout' tab.
